[{"vid":"BT34007238143","name":"BA_MK1","current_port":"7030635208","fuel_capacity":5000.0,"current_fuel":0.0,"carrying_capacity":5.0},{"vid":"BT24007238143","name":"BA_MK2","current_port":"7030635208","fuel_capacity":5200.0,"current_fuel":3972.08,"carrying_capacity":5.5},{"vid":"BT33007238143","name":"BA_MK3","current_port":"0357395486","fuel_capacity":5400.0,"current_fuel":0.0,"carrying_capacity":5.7},{"vid":"BT34407238143","name":"BA_MK4","current_port":"0357395486","fuel_capacity":5500.0,"current_fuel":1405.77,"carrying_capacity":5.3},{"vid":"BT34021238143","name":"BA_MK5","current_port":"7030635208","fuel_capacity":5800.0,"current_fuel":0.0,"carrying_capacity":6.0}]