[{"cid":"DS11418339236","name":"RX_78-1","weight":4.0,"current_port":"0357395486","current_vehicle":null},{"cid":"DS21410339234","name":"RX_78-2","weight":4.5,"current_port":"0357395486","current_vehicle":null},{"cid":"DS61418439132","name":"RX_78-3","weight":5.0,"current_port":"7030635208","current_vehicle":null},{"cid":"DS41411459238","name":"RX_78-4","weight":3.5,"current_port":"8902329512","current_vehicle":null},{"cid":"DS91414439239","name":"RX_78-5","weight":5.5,"current_port":"7030635208","current_vehicle":"BT34021238143"},{"cid":"DS01318439230","name":"RX_78-6","weight":6.0,"current_port":"0357395486","current_vehicle":null}]