[{"cid":"LI45896343142","name":"LI_111","weight":13.0,"current_port":"8902329512","current_vehicle":null},{"cid":"LI65816344042","name":"LI_112","weight":15.0,"current_port":null,"current_vehicle":"SH60955689854"},{"cid":"LI05346353042","name":"LI_114","weight":17.5,"current_port":"8902329512","current_vehicle":null},{"cid":"LI25897343042","name":"LI_113","weight":14.0,"current_port":"0357395486","current_vehicle":null},{"cid":"LI15396343042","name":"LI_117","weight":14.5,"current_port":"0357395486","current_vehicle":null},{"cid":"LI81296343042","name":"LI_110","weight":16.0,"current_port":"7030635208","current_vehicle":"TT54033040143"},{"cid":"LI05638279471","name":"testing container","weight":12.0,"current_port":"0827061974","current_vehicle":null}]