[{"cid":"OT67169104531","name":"OT_112","weight":6.5,"current_port":"0357395486","current_vehicle":null},{"cid":"OT67163102142","name":"OT_113","weight":6.0,"current_port":"9608236322","current_vehicle":null},{"cid":"OT27169114133","name":"OT_114","weight":7.5,"current_port":"9608236322","current_vehicle":null},{"cid":"OT37161104114","name":"OT_115","weight":8.0,"current_port":"0357395486","current_vehicle":null},{"cid":"OT57169104125","name":"OT_116","weight":8.6,"current_port":"8275724785","current_vehicle":null},{"cid":"OT17169104136","name":"OT_117","weight":6.0,"current_port":"9608236322","current_vehicle":null}]