[{"cid":"OS85606707014","name":"OS_112","weight":3.5,"current_port":"7030635208","current_vehicle":null},{"cid":"OS83616707011","name":"OS_113","weight":4.0,"current_port":"9608236322","current_vehicle":null},{"cid":"OS15636307013","name":"OS_114","weight":4.5,"current_port":"0357395486","current_vehicle":null},{"cid":"OS95606707016","name":"OS_115","weight":3.5,"current_port":"0357395486","current_vehicle":null},{"cid":"OS05606701011","name":"OS_116","weight":4.0,"current_port":"0357395486","current_vehicle":null},{"cid":"OS25606707020","name":"OS_117","weight":5.0,"current_port":"0357395486","current_vehicle":null}]