[{"pid":"0357395486","latitude":78.17,"longitude":-69.18,"name":"Continental Central","storingCapacity":2000.0,"landingAbility":true,"numberofContainersOnsite":22,"numberofVehiclesOnsite":12,"currentCapacity":174.0},{"pid":"7030635208","latitude":76.17,"longitude":-63.18,"name":"West Gate","storingCapacity":2000.0,"landingAbility":true,"numberofContainersOnsite":3,"numberofVehiclesOnsite":4,"currentCapacity":30.0},{"pid":"8902329512","latitude":69.34,"longitude":10.34,"name":"East Seas","storingCapacity":1500.0,"landingAbility":false,"numberofContainersOnsite":3,"numberofVehiclesOnsite":1,"currentCapacity":34.0},{"pid":"8275724785","latitude":70.17,"longitude":-68.18,"name":"South cape","storingCapacity":1700.0,"landingAbility":true,"numberofContainersOnsite":1,"numberofVehiclesOnsite":1,"currentCapacity":8.6},{"pid":"9608236322","latitude":91.17,"longitude":-20.17,"name":"North Seas","storingCapacity":1800.0,"landingAbility":false,"numberofContainersOnsite":4,"numberofVehiclesOnsite":0,"currentCapacity":23.5},{"pid":"0827061974","latitude":72.17,"longitude":-65.17,"name":"Testing Port","storingCapacity":20.0,"landingAbility":true,"numberofContainersOnsite":1,"numberofVehiclesOnsite":1,"currentCapacity":12.0}]