[{"vid":"RT77786449177","name":"RE_MK2","current_port":"0357395486","fuel_capacity":6000.0,"current_fuel":0.0,"carrying_capacity":7.0},{"vid":"RT77786529378","name":"RE_MK3","current_port":"0357395486","fuel_capacity":6200.0,"current_fuel":0.0,"carrying_capacity":8.0},{"vid":"RT77786429229","name":"RE_MK4","current_port":"0357395486","fuel_capacity":6800.0,"current_fuel":0.0,"carrying_capacity":7.5},{"vid":"RT77786429132","name":"RE_MK5","current_port":"0357395486","fuel_capacity":7000.0,"current_fuel":0.0,"carrying_capacity":8.5},{"vid":"RT77786429141","name":"RE_MK6","current_port":"8275724785","fuel_capacity":72000.0,"current_fuel":67905.77,"carrying_capacity":9.0}]