[{"cid":"RE99145946732","name":"RE_111","weight":6.5,"current_port":null,"current_vehicle":"SH60955689854"},{"cid":"RE92145943735","name":"RE_112","weight":7.0,"current_port":"0357395486","current_vehicle":null},{"cid":"RE93145942733","name":"RE_113","weight":7.5,"current_port":"0357395486","current_vehicle":null},{"cid":"RE94145946342","name":"RE_114","weight":6.0,"current_port":"0357395486","current_vehicle":null},{"cid":"RE99545946721","name":"RE_115","weight":8.5,"current_port":"0357395486","current_vehicle":null},{"cid":"RE76545946732","name":"RE_116","weight":8.0,"current_port":"0357395486","current_vehicle":null}]