[{"vid":"SH60955682840","name":"Fubuki Chan","current_port":"0357395486","fuel_capacity":15000.0,"current_fuel":5170.81,"carrying_capacity":120.0},{"vid":"SH60955689321","name":"Kongou Chan","current_port":"0357395486","fuel_capacity":35000.0,"current_fuel":0.0,"carrying_capacity":180.0},{"vid":"SH60955639832","name":"Yamato Chan","current_port":"8902329512","fuel_capacity":45000.0,"current_fuel":28090.1,"carrying_capacity":200.0},{"vid":"SH60955689863","name":"Fubuki Chan MKII","current_port":"0357395486","fuel_capacity":19000.0,"current_fuel":0.0,"carrying_capacity":150.0},{"vid":"SH60955689854","name":"Fubuki Chan MKII","current_port":"0357395486","fuel_capacity":30000.0,"current_fuel":20170.81,"carrying_capacity":160.0}]