[{"vid":"TT54033045313","name":"Tanker_MKI","current_port":"0827061974","fuel_capacity":10000.0,"current_fuel":6888.19,"carrying_capacity":13.0},{"vid":"TT54033040423","name":"Tanker_MKII","current_port":"0357395486","fuel_capacity":11400.0,"current_fuel":0.0,"carrying_capacity":17.0},{"vid":"TT54033040233","name":"Tanker_MKIII","current_port":"0357395486","fuel_capacity":12300.0,"current_fuel":0.0,"carrying_capacity":14.0},{"vid":"TT54033040143","name":"Tanker_MKIV","current_port":"0357395486","fuel_capacity":10900.0,"current_fuel":9672.08,"carrying_capacity":19.0},{"vid":"TT54033040253","name":"Tanker_MKV","current_port":"7030635208","fuel_capacity":11900.0,"current_fuel":10672.08,"carrying_capacity":18.0}]